Workbook

Sheet Dados
A1: DIA 10/04/2024
A2: ID | B2: Ponto do Acidente | C2: Destino | D2: Data | E2: Faixa de Horário | F2: Tempo Base (min) | G2: atend. local (min) | H2: Tempo Hospital (min) | I2: Tempo Total (min) | J2: Nível de Transito | K2: Rota Principal | L2: Alternativa Melhor | M2: Rota Alternativa | N2: Nível de Transito | O2: Ganho (min)
A3: 1 | B3: Ponte Nova | C3: HMC | D3: 46122 | E3: 0.3125 | F3: 7 | G3: 10 | H3: 22 | I3: =F3+G3+H3 -> 39 | J3: Moderado | K3: Av. Miguel Sutil | L3: Não
C4: PSC | D4: 46122 | E4: 0.3125 | F4: 7 | G4: 10 | H4: 26 | I4: =F4+G4+H4 -> 43 | J4: Intenso | K4: R. Barão de Melgaço e R. Joaquim Murtinho | L4: Sim | M4: via Av. Manoel José de Arruda | N4: Moderado | O4: 2
A5: 2 | B5: Santa Isabel | C5: HMC | D5: 46122 | E5: 0.3125 | F5: 1 | G5: 10 | H5: 16 | I5: =F5+G5+H5 -> 27 | J5: Moderado | K5: Av. Miguel Sutil | L5: Não
C6: PSC | D6: 46122 | E6: 0.3125 | F6: 1 | G6: 10 | H6: 28 | I6: =F6+G6+H6 -> 39 | J6: Intenso | K6: Av. Miguel Sutil | L6: Sim | M6: via Rua Traçaia | N6: Moderado | O6: 2
A7: 3 | B7: Santa Rosa | C7: HMC | D7: 46122 | E7: 0.3125 | F7: 9 | G7: 10 | H7: 8 | I7: =F7+G7+H7 -> 27 | J7: Leve | K7: via Av. Miguel Sutil Av. Bernardo Antônio de Oliveira Neto | L7: Não
C8: PSC | D8: 46122 | E8: 0.3125 | F8: 9 | G8: 10 | H8: 20 | I8: =F8+G8+H8 -> 39 | J8: Intenso | K8: Av. Isaac Povoas | L8: Não
A9: 4 | B9: Viaduto da Rodoviaria | C9: HMC | D9: 46122 | E9: 0.3125 | F9: 14 | G9: 10 | H9: 12 | I9: =F9+G9+H9 -> 36 | J9: Leve | K9: Av. Miguel Sutil | L9: Não
C10: PSC | D10: 46122 | E10: 0.3125 | F10: 14 | G10: 10 | H10: 18 | I10: =F10+G10+H10 -> 42 | J10: Intenso | K10: Av. Miguel Sutil | L10: Sim | M10: via Av. Miguel Sutil R. Antônio Batista Belém | N10: Intenso | O10: 2
A11: 5 | B11: Rotatoria com a rua Prof. João Felix | C11: HMC | D11: 46122 | E11: 0.3125 | F11: 22 | G11: 10 | H11: 16 | I11: =F11+G11+H11 -> 48 | J11: Intenso | K11: Av. Miguel Sutil | L11: Não
C12: PSC | D12: 46122 | E12: 0.3125 | F12: 22 | G12: 10 | H12: 12 | I12: =F12+G12+H12 -> 44 | J12: Moderado | K12: Av. Miguel Sutil | L12: Sim | M12: via R. Antônio Batista Belém | N12: Moderado | O12: 2
A14: ID | B14: Ponto do Acidente | C14: Destino | D14: Data | E14: Faixa de Horário | F14: Tempo Base (min) | G14: atend. local (min) | H14: Tempo Hospital (min) | I14: Tempo Total | J14: Nível de Transito | K14: Rota Principal | L14: Alternativa Melhor | M14: Rota Alternativa | N14: Nível de Transito | O14: Ganho (min)
A15: 6 | B15: Ponte Nova | C15: HMC | D15: 46122 | E15: 0.52083333 | F15: 4 | G15: 10 | H15: 18 | I15: =F15+G15+H15 -> 32 | J15: Leve | K15: Av. Miguel Sutil | L15: Não
C16: PSC | D16: 46122 | E16: 0.52083333 | F16: 4 | G16: 10 | H16: 24 | I16: =F16+G16+H16 -> 38 | J16: Moderado | K16: R. Barão de Melgaço e R. Joaquim Murtinho | L16: Sim | M16: via Av. Manoel José de Arruda | N16: Moderado | O16: 4
A17: 7 | B17: Santa Isabel | C17: HMC | D17: 46122 | E17: 0.52083333 | F17: 1 | G17: 10 | H17: 14 | I17: =F17+G17+H17 -> 25 | J17: Moderado | K17: Av. Miguel Sutil | L17: Não
C18: PSC | D18: 46122 | E18: 0.52083333 | F18: 1 | G18: 10 | H18: 30 | I18: =F18+G18+H18 -> 41 | J18: Intenso | K18: Av. Miguel Sutil | L18: Sim | M18: via Rua Traçaia | N18: Moderado | O18: 6
A19: 8 | B19: Santa Rosa | C19: HMC | D19: 46122 | E19: 0.52083333 | F19: 8 | G19: 10 | H19: 8 | I19: =F19+G19+H19 -> 26 | J19: Leve | K19: via Av. Miguel Sutil Av. Bernardo Antônio de Oliveira Neto | L19: Não
C20: PSC | D20: 46122 | E20: 0.52083333 | F20: 8 | G20: 10 | H20: 22 | I20: =F20+G20+H20 -> 40 | J20: Intenso | K20: Av.isaac Povoas | L20: Não
A21: 9 | B21: Viaduto da Rodoviaria | C21: HMC | D21: 46122 | E21: 0.52083333 | F21: 12 | G21: 10 | H21: 10 | I21: =F21+G21+H21 -> 32 | J21: Leve | K21: Av. Miguel Sutil | L21: Não
C22: PSC | D22: 46122 | E22: 0.52083333 | F22: 12 | G22: 10 | H22: 16 | I22: =F22+G22+H22 -> 38 | J22: Intenso | K22: Av. Miguel Sutil | L22: Não
A23: 10 | B23: Rotatoria com a rua Prof. João Felix | C23: HMC | D23: 46122 | E23: 0.52083333 | F23: 18 | G23: 10 | H23: 14 | I23: =F23+G23+H23 -> 42 | J23: Moderado | K23: Av. Miguel Sutil | L23: Não
C24: PSC | D24: 46122 | E24: 0.52083333 | F24: 18 | G24: 10 | H24: 10 | I24: =F24+G24+H24 -> 38 | J24: Moderado | K24: Av. Miguel Sutil | L24: Sim
A26: ID | B26: Ponto do Acidente | C26: Destino | D26: Data | E26: Faixa de Horário | F26: Tempo Base (min) | G26: atend. local (min) | H26: Tempo Hospital (min) | I26: Tempo Total | J26: Nível de Transito | K26: Rota Principal | L26: Alternativa Melhor | M26: Rota Alternativa | N26: Nível de Transito | O26: Ganho (min)
A27: 11 | B27: Ponte Nova | C27: HMC | D27: 46122 | E27: 0.77083333 | F27: 8 | G27: 10 | H27: 18 | I27: =F27+G27+H27 -> 36 | J27: Moderado | K27: Av. Miguel Sutil | L27: Não
C28: PSM | D28: 46122 | E28: 0.77083333 | F28: 8 | G28: 10 | H28: 22 | I28: =F28+G28+H28 -> 40 | J28: Moderado | K28: R. Barão de Melgaço e R. Joaquim Murtinho | L28: Sim | M28: Av. Manoel José de arruda | N28: Moderado | O28: 2
A29: 12 | B29: Santa Isabel | C29: HMC | D29: 46122 | E29: 0.77083333 | F29: 1 | G29: 10 | H29: 14 | I29: =F29+G29+H29 -> 25 | J29: Moderado | K29: Av. Miguel Sutil | L29: Não
C30: PSM | D30: 46122 | E30: 0.77083333 | F30: 1 | G30: 10 | H30: 30 | I30: =F30+G30+H30 -> 41 | J30: Intenso | K30: Av. Miguel Sutil | L30: Sim | M30: Rua Traçaia | N30: Moderado | O30: 6
A31: 13 | B31: Santa Rosa | C31: HMC | D31: 46122 | E31: 0.77083333 | F31: 12 | G31: 10 | H31: 8 | I31: =F31+G31+H31 -> 30 | J31: Leve | K31: via Av. Miguel Sutil Av. Bernardo Antônio de Oliveira Neto | L31: Não
C32: PSC | D32: 46122 | E32: 0.77083333 | F32: 12 | G32: 10 | H32: 20 | I32: =F32+G32+H32 -> 42 | J32: Intenso | K32: Av.isaac Povoas | L32: Não
A33: 14 | B33: Viaduto da Rodoviaria | C33: HMC | D33: 46122 | E33: 0.77083333 | F33: 14 | G33: 10 | H33: 12 | I33: =F33+G33+H33 -> 36 | J33: Moderado | K33: Av. Miguel Sutil | L33: Não
C34: PSC | D34: 46122 | E34: 0.77083333 | F34: 14 | G34: 10 | H34: 14 | I34: =F34+G34+H34 -> 38 | J34: Intenso | K34: Av. Miguel Sutil | L34: Não
A35: 15 | B35: Rotatoria com a rua Prof. João Felix | C35: HMC | D35: 46122 | E35: 0.77083333 | F35: 20 | G35: 10 | H35: 16 | I35: =F35+G35+H35 -> 46 | J35: Intenso | K35: Av. Miguel Sutil | L35: Não
C36: PSC | D36: 46122 | E36: 0.77083333 | F36: 20 | G36: 10 | H36: 9 | I36: =F36+G36+H36 -> 39 | J36: Leve | K36: Av. Miguel Sutil | L36: Não
A39: DIA 09/04/2026
A40: ID | B40: Ponto do Acidente | C40: Destino | D40: Data | E40: Faixa de Horário | F40: Tempo Base (min) | G40: atend. local (min) | H40: Tempo Hospital (min) | I40: Tempo Total (min) | J40: Nível de Transito | K40: Rota Principal | L40: Alternativa Melhor | M40: Rota Alternativa | N40: Nível de Transito | O40: Ganho (min)
A41: 16 | B41: Ponte Nova | C41: HMC | D41: 46121 | E41: 0.3125 | F41: 6 | G41: 10 | H41: 20 | I41: =F41+G41+H41 -> 36 | J41: Moderado | K41: Av. Miguel Sutil | L41: Não
C42: PSC | D42: 46121 | E42: 0.3125 | F42: 6 | G42: 10 | H42: 26 | I42: =F42+G42+H42 -> 42 | J42: Intenso | K42: R. Barão de Melgaço e R. Joaquim Murtinho | L42: Sim | M42: via Av. Manoel José de Arruda | N42: Moderado | O42: 2
A43: 17 | B43: Santa Isabel | C43: HMC | D43: 46121 | E43: 0.3125 | F43: 1 | G43: 10 | H43: 16 | I43: =F43+G43+H43 -> 27 | J43: Moderado | K43: Av. Miguel Sutil | L43: Não
C44: PSC | D44: 46121 | E44: 0.3125 | F44: 1 | G44: 10 | H44: 30 | I44: =F44+G44+H44 -> 41 | J44: Intenso | K44: Av. Miguel Sutil | L44: Sim | M44: via Rua Traçaia | N44: Moderado | O44: 4
A45: 18 | B45: Santa Rosa | C45: HMC | D45: 46121 | E45: 0.3125 | F45: 10 | G45: 10 | H45: 8 | I45: =F45+G45+H45 -> 28 | J45: Leve | K45: via Av. Miguel Sutil Av. Bernardo Antônio de Oliveira Neto | L45: Não
C46: PSC | D46: 46121 | E46: 0.3125 | F46: 10 | G46: 10 | H46: 22 | I46: =F46+G46+H46 -> 42 | J46: Intenso | K46: Av.isaac Povoas | L46: Não
A47: 19 | B47: Viaduto da Rodoviaria | C47: HMC | D47: 46121 | E47: 0.3125 | F47: 14 | G47: 10 | H47: 12 | I47: =F47+G47+H47 -> 36 | J47: Leve | K47: Av. Miguel Suti | L47: Não
C48: PSC | D48: 46121 | E48: 0.3125 | F48: 14 | G48: 10 | H48: 20 | I48: =F48+G48+H48 -> 44 | J48: Intenso | K48: Av. Miguel Sutil | L48: Sim | M48: via Av. Miguel Sutil R. Antônio Batista Belém | N48: Intenso | O48: 2
A49: 20 | B49: Rotatoria com a rua Prof. João Felix | C49: HMC | D49: 46121 | E49: 0.3125 | F49: 22 | G49: 10 | H49: 16 | I49: =F49+G49+H49 -> 48 | J49: Intenso | K49: Av. Miguel Sutil | L49: Não
C50: PSC | D50: 46121 | E50: 0.3125 | F50: 22 | G50: 10 | I50: =F50+G50+H50 -> 32 | J50: Intenso | K50: Av. Miguel Sutil | L50: Sim | M50: via R. Antônio Batista Belém | N50: Moderado | O50: 2
A52: ID | B52: Ponto do Acidente | C52: Destino | D52: Data | E52: Faixa de Horário | F52: Tempo Base (min) | G52: atend. local (min) | H52: Tempo Hospital (min) | I52: Tempo Total (min) | J52: Nível de Transito | K52: Rota Principal | L52: Alternativa Melhor | M52: Rota Alternativa | N52: Nível de Transito | O52: Ganho (min)
A53: 17 | B53: Ponte Nova | C53: HMC | D53: 46121 | E53: 0.52083333 | F53: 6 | G53: 10 | H53: 16 | I53: =F53+G53+H53 -> 32 | J53: Leve | K53: Av. Miguel Sutil | L53: Não
C54: PSC | D54: 46121 | E54: 0.52083333 | F54: 6 | G54: 10 | H54: 24 | I54: =F54+G54+H54 -> 40 | J54: Moderado | K54: R. Barão de Melgaço | L54: Sim | M54: via Av. Manoel José de Arruda | N54: Intenso | O54: 4
A55: 18 | B55: Santa Isabel | C55: HMC | D55: 46121 | E55: 0.52083333 | F55: 1 | G55: 10 | H55: 12 | I55: =F55+G55+H55 -> 23 | J55: Leve | K55: Av. Miguel Sutil | L55: Não
C56: PSC | D56: 46121 | E56: 0.52083333 | F56: 1 | G56: 10 | H56: 28 | I56: =F56+G56+H56 -> 39 | J56: Intenso | K56: Av. Miguel Sutil | L56: Sim | M56: via Rua Traçaia | N56: Moderado | O56: 4
A57: 19 | B57: Santa Rosa | C57: HMC | D57: 46121 | E57: 0.52083333 | F57: 7 | G57: 10 | H57: 7 | I57: =F57+G57+H57 -> 24 | J57: Leve | K57: via Av. Miguel Sutil Av. Bernardo Antônio de Oliveira Neto | L57: Não
C58: PSC | D58: 46121 | E58: 0.52083333 | F58: 7 | G58: 10 | H58: 20 | I58: =F58+G58+H58 -> 37 | J58: Intenso | K58: Av. Isaac Povoas | L58: Não
A59: 20 | B59: Viaduto da Rodoviaria | C59: HMC | D59: 46121 | E59: 0.52083333 | F59: 10 | G59: 10 | H59: 10 | I59: =F59+G59+H59 -> 30 | J59: Leve | K59: Av. Miguel Sutil | L59: Não
C60: PSC | D60: 46121 | E60: 0.52083333 | F60: 10 | G60: 10 | H60: 14 | I60: =F60+G60+H60 -> 34 | J60: Moderado | K60: Av. Miguel Sutil | L60: Não
A61: 21 | B61: Rotatoria com a rua Prof. João Felix | C61: HMC | D61: 46121 | E61: 0.52083333 | F61: 16 | G61: 10 | H61: 14 | I61: =F61+G61+H61 -> 40 | J61: Moderado | K61: Av. Miguel Sutil | L61: Não
C62: PSC | D62: 46121 | E62: 0.52083333 | F62: 16 | G62: 10 | H62: 9 | I62: =F62+G62+H62 -> 35 | J62: Leve | K62: Av. Miguel Sutil | L62: Não
A64: ID | B64: Ponto do Acidente | C64: Destino | D64: Data | E64: Faixa de Horário | F64: Tempo Base (min) | G64: atend. local (min) | H64: Tempo Hospital (min) | I64: Tempo Total (min) | J64: Nível de Transito | K64: Rota Principal | L64: Alternativa Melhor | M64: Rota Alternativa | N64: Nível de Transito | O64: Ganho (min)
A65: 22 | B65: Ponte Nova | C65: HMC | D65: 46121 | E65: 0.77083333 | F65: 8 | G65: 10 | H65: 18 | I65: =F65+G65+H65 -> 36 | J65: Moderado | K65: Av. Miguel Sutil | L65: Não
C66: PSC | D66: 46121 | E66: 0.77083333 | F66: 8 | G66: 10 | H66: 22 | I66: =F66+G66+H66 -> 40 | J66: Moderado | K66: R. Barão de Melgaço | L66: Não
A67: 23 | B67: Santa Isabel | C67: HMC | D67: 46121 | E67: 0.77083333 | F67: 1 | G67: 10 | H67: 14 | I67: =F67+G67+H67 -> 25 | J67: Moderado | K67: Av. Miguel Sutil | L67: Não
C68: PSC | D68: 46121 | E68: 0.77083333 | F68: 1 | G68: 10 | H68: 30 | I68: =F68+G68+H68 -> 41 | J68: Intenso | K68: Av. Miguel Sutil | L68: Sim | M68: via Rua Traçaia | N68: Moderado | O68: 6
A69: 24 | B69: Santa Rosa | C69: HMC | D69: 46121 | E69: 0.77083333 | F69: 10 | G69: 10 | H69: 9 | I69: =F69+G69+H69 -> 29 | J69: Leve | K69: via Av. Miguel Sutil Av. Bernardo Antônio de Oliveira Neto | L69: Não
C70: PSC | D70: 46121 | E70: 0.77083333 | F70: 10 | G70: 10 | H70: 20 | I70: =F70+G70+H70 -> 40 | J70: Intenso | K70: Av. Isaac Povoas | L70: Não
A71: 25 | B71: Viaduto da Rodoviaria | C71: HMC | D71: 46121 | E71: 0.77083333 | F71: 14 | G71: 10 | H71: 14 | I71: =F71+G71+H71 -> 38 | J71: Intenso | K71: Av. Miguel Sutil | L71: Não
C72: PSC | D72: 46121 | E72: 0.77083333 | F72: 14 | G72: 10 | H72: 16 | I72: =F72+G72+H72 -> 40 | J72: Intenso | K72: Av. Miguel Sutil | L72: Sim | M72: via Av. Miguel Sutil e R. Antônio Batista Belém | N72: Intenso | O72: 2
A73: 26 | B73: Rotatoria com a rua Prof. João Felix | C73: HMC | D73: 46121 | E73: 0.77083333 | F73: 20 | G73: 10 | H73: 16 | I73: =F73+G73+H73 -> 46 | J73: Intenso | K73: Av. Miguel Sutil | L73: Não
C74: PSC | D74: 46121 | E74: 0.77083333 | F74: 20 | G74: 10 | H74: 9 | I74: =F74+G74+H74 -> 39 | J74: Leve | K74: Av. Miguel Sutil | L74: Sim | M74: via R. Antônio Batista Belém | O74: 1
A76: DIA 08/04/2026
A77: ID | B77: Ponto do Acidente | C77: Destino | D77: Data | E77: Faixa de Horário | F77: Tempo Base (min) | G77: atend. local (min) | H77: Tempo Hospital (min) | I77: Tempo Total (min) | J77: Nível de Transito | K77: Rota Principal | L77: Alternativa Melhor | M77: Rota Alternativa | N77: Nível de Transito | O77: Ganho (min)
A78: 27 | B78: Ponte Nova | C78: HMC | D78: 46120 | E78: 0.3125 | F78: 7 | G78: 10 | H78: 22 | I78: =F78+G78+H78 -> 39 | J78: Moderado | K78: Av. Miguel Sutil | L78: Não
C79: PSC | D79: 46120 | E79: 0.3125 | F79: 7 | G79: 10 | H79: 26 | I79: =F79+G79+H79 -> 43 | J79: Intenso | K79: R. Barão de Melgaço | L79: Sim | M79: via Av. Manoel José de Arruda | N79: Moderado | O79: 2
A80: 28 | B80: Santa Isabel | C80: HMC | D80: 46120 | E80: 0.3125 | F80: 1 | G80: 10 | H80: 16 | I80: =F80+G80+H80 -> 27 | J80: Moderado | K80: Av. Miguel Sutil | L80: Não
C81: PSC | D81: 46120 | E81: 0.3125 | F81: 1 | G81: 10 | H81: 30 | I81: =F81+G81+H81 -> 41 | J81: Intenso | K81: Av. Miguel Sutil | L81: Sim | M81: via Rua Traçaia | N81: Moderado | O81: 4
A82: 29 | B82: Santa Rosa | C82: HMC | D82: 46120 | E82: 0.3125 | F82: 10 | G82: 10 | H82: 8 | I82: =F82+G82+H82 -> 28 | J82: Leve | K82: via Av. Miguel Sutil Av. Bernardo Antônio de Oliveira Neto | L82: Não
C83: PSC | D83: 46120 | E83: 0.3125 | F83: 10 | G83: 10 | H83: 20 | I83: =F83+G83+H83 -> 40 | J83: Intenso | K83: Av. Isaac Povoas | L83: Não
A84: 30 | B84: Viaduto da Rodoviaria | C84: HMC | D84: 46120 | E84: 0.3125 | F84: 14 | G84: 10 | H84: 12 | I84: =F84+G84+H84 -> 36 | J84: Leve | K84: Av. Miguel Sutil | L84: Não
C85: PSC | D85: 46120 | E85: 0.3125 | F85: 14 | G85: 10 | H85: 18 | I85: =F85+G85+H85 -> 42 | J85: Intenso | K85: Av. Miguel Sutil | L85: Não
A86: 31 | B86: Rotatoria com a rua Prof. João Felix | C86: HMC | D86: 46120 | E86: 0.3125 | F86: 20 | G86: 10 | H86: 16 | I86: =F86+G86+H86 -> 46 | J86: Intenso | K86: Av. Miguel Sutil | L86: Não
C87: PSC | D87: 46120 | E87: 0.3125 | F87: 20 | G87: 10 | H87: 12 | I87: =F87+G87+H87 -> 42 | J87: Moderado | K87: Av. Miguel Sutil | L87: Sim | M87: via R. Antônio Batista Belém | N87: Moderado | O87: 2
A89: ID | B89: Ponto do Acidente | C89: Destino | D89: Data | E89: Faixa de Horário | F89: Tempo Base (min) | G89: atend. local (min) | H89: Tempo Hospital (min) | I89: Tempo Total (min) | J89: Nível de Transito | K89: Rota Principal | L89: Alternativa Melhor | M89: Rota Alternativa | N89: Nível de Transito | O89: Ganho (min)
A90: 32 | B90: Ponte Nova | C90: HMC | D90: 46120 | E90: 0.52083333 | F90: 6 | G90: 10 | H90: 16 | I90: =F90+G90+H90 -> 32 | J90: Leve | K90: Av. Miguel Sutil | L90: Não
C91: PSC | D91: 46120 | E91: 0.52083333 | F91: 6 | G91: 10 | H91: 22 | I91: =F91+G91+H91 -> 38 | J91: Moderado | K91: R. Barão de Melgaço | L91: Sim | M91: via Av. Manoel José de Arruda | N91: Leve | O91: 4
A92: 33 | B92: Santa Isabel | C92: HMC | D92: 46120 | E92: 0.52083333 | F92: 1 | G92: 10 | H92: 12 | I92: =F92+G92+H92 -> 23 | J92: Leve | K92: Av. Miguel Sutil | L92: Não
C93: PSC | D93: 46120 | E93: 0.52083333 | F93: 1 | G93: 10 | H93: 26 | I93: =F93+G93+H93 -> 37 | J93: Intenso | K93: Av. Miguel Sutil | L93: Sim | M93: via Rua Traçaia | N93: Moderado | O93: 2
A94: 34 | B94: Santa Rosa | C94: HMC | D94: 46120 | E94: 0.52083333 | F94: 7 | G94: 10 | H94: 8 | I94: =F94+G94+H94 -> 25 | J94: Leve | K94: via Av. Miguel Sutil Av. Bernardo Antônio de Oliveira Neto | L94: Não
C95: PSC | D95: 46120 | E95: 0.52083333 | F95: 7 | G95: 10 | H95: 20 | I95: =F95+G95+H95 -> 37 | J95: Intenso | K95: Av. Isaac Povoas | L95: Não
A96: 35 | B96: Viaduto da Rodoviaria | C96: HMC | D96: 46120 | E96: 0.52083333 | F96: 12 | G96: 10 | H96: 10 | I96: =F96+G96+H96 -> 32 | J96: Leve | K96: Av. Miguel Sutil | L96: Não
C97: PSC | D97: 46120 | E97: 0.52083333 | F97: 12 | G97: 10 | H97: 14 | I97: =F97+G97+H97 -> 36 | J97: Moderado | K97: Av. Miguel Sutil | L97: Não
A98: 36 | B98: Rotatoria com a rua Prof. João Felix | C98: HMC | D98: 46120 | E98: 0.52083333 | F98: 16 | G98: 10 | H98: 14 | I98: =F98+G98+H98 -> 40 | J98: Moderado | K98: Av. Miguel Sutil | L98: Não
C99: PSC | D99: 46120 | E99: 0.52083333 | F99: 16 | G99: 10 | H99: 9 | I99: =F99+G99+H99 -> 35 | J99: Leve | K99: Av. Miguel Sutil | L99: Não
A101: ID | B101: Ponto do Acidente | C101: Destino | D101: Data | E101: Faixa de Horário | F101: Tempo Base (min) | G101: atend. local (min) | H101: Tempo Hospital (min) | I101: Tempo Total (min) | J101: Nível de Transito | K101: Rota Principal | L101: Alternativa Melhor | M101: Rota Alternativa | N101: Nível de Transito | O101: Ganho (min)
A102: 37 | B102: Ponte Nova | C102: HMC | D102: 46120 | E102: 0.77083333 | F102: 8 | G102: 10 | H102: 18 | I102: =F102+G102+H102 -> 36 | J102: Moderado | K102: Av. Miguel Sutil | L102: Não
C103: PSC | D103: 46120 | E103: 0.77083333 | F103: 8 | G103: 10 | H103: 22 | I103: =F103+G103+H103 -> 40 | J103: Moderado | K103: R. Barão de Melgaço e R. Joaquim Murtinho | L103: Não | M103: via Av. Manoel José de Arruda | N103: Moderado | O103: 2
A104: 38 | B104: Santa Isabel | C104: HMC | D104: 46120 | E104: 0.77083333 | F104: 1 | G104: 10 | H104: 14 | I104: =F104+G104+H104 -> 25 | J104: Moderado | K104: Av. Miguel Sutil | L104: Não
C105: PSC | D105: 46120 | E105: 0.77083333 | F105: 1 | G105: 10 | H105: 30 | I105: =F105+G105+H105 -> 41 | J105: Intenso | K105: Av. Miguel Sutil | L105: Sim | M105: via Rua Traçaia | N105: Moderado | O105: 4
A106: 39 | B106: Santa Rosa | C106: HMC | D106: 46120 | E106: 0.77083333 | F106: 9 | G106: 10 | H106: 8 | I106: =F106+G106+H106 -> 27 | J106: Leve | K106: via Av. Miguel Sutil Av. Bernardo Antônio de Oliveira Neto | L106: Não
C107: PSC | D107: 46120 | E107: 0.77083333 | F107: 9 | G107: 10 | H107: 22 | I107: =F107+G107+H107 -> 41 | J107: Intenso | K107: Av.isaac Povoas | L107: Sim | M107: via Av. Miguel Suti | N107: Moderado | O107: 2
A108: 40 | B108: Viaduto da Rodoviaria | C108: HMC | D108: 46120 | E108: 0.77083333 | F108: 12 | G108: 10 | H108: 12 | I108: =F108+G108+H108 -> 34 | J108: Moderado | K108: Av. Miguel Sutil | L108: Não
C109: PSC | D109: 46120 | E109: 0.77083333 | F109: 12 | G109: 10 | H109: 14 | I109: =F109+G109+H109 -> 36 | J109: Intenso | K109: Av. Miguel Sutil | L109: Não
...

Sheet Graficos
A1: Data | B1: Horário | C1: Ponto do Acidente | D1: Destino | E1: Tempo Total (min) | F1: Nível de Trânsito
A2: 46122 | B2: 0.3125 | C2: Ponte Nova | D2: HMC | E2: =Dados!$I3 -> 39 | F2: =Dados!$J3 -> Moderado
A3: 46122 | B3: 0.3125 | D3: PSC | E3: =Dados!$I4 -> 43 | F3: =Dados!$J4 -> Intenso
A4: 46122 | B4: 0.3125 | C4: Santa Isabel | D4: HMC | E4: =Dados!$I5 -> 27 | F4: =Dados!$J5 -> Moderado
A5: 46122 | B5: 0.3125 | D5: PSC | E5: =Dados!$I6 -> 39 | F5: =Dados!$J6 -> Intenso
A6: 46122 | B6: 0.3125 | C6: Santa Rosa | D6: HMC | E6: =Dados!$I7 -> 27 | F6: =Dados!$J7 -> Leve
A7: 46122 | B7: 0.3125 | D7: PSC | E7: =Dados!$I8 -> 39 | F7: =Dados!$J8 -> Intenso
A8: 46122 | B8: 0.3125 | C8: Viaduto da Rodoviaria | D8: HMC | E8: =Dados!$I9 -> 36 | F8: =Dados!$J9 -> Leve
A9: 46122 | B9: 0.3125 | D9: PSC | E9: =Dados!$I10 -> 42 | F9: =Dados!$J10 -> Intenso
A10: 46122 | B10: 0.3125 | C10: Rotatoria com a rua Prof. João Felix | D10: HMC | E10: =Dados!$I11 -> 48 | F10: =Dados!$J11 -> Intenso
A11: 46122 | B11: 0.3125 | D11: PSC | E11: =Dados!$I12 -> 44 | F11: =Dados!$J12 -> Moderado
A12: 46122 | B12: 0.52083333 | C12: Ponte Nova | D12: HMC | E12: =Dados!$I15 -> 32 | F12: =Dados!$J15 -> Leve
A13: 46122 | B13: 0.52083333 | D13: PSC | E13: =Dados!$I16 -> 38 | F13: =Dados!$J16 -> Moderado
A14: 46122 | B14: 0.52083333 | C14: Santa Isabel | D14: HMC | E14: =Dados!$I17 -> 25 | F14: =Dados!$J17 -> Moderado
A15: 46122 | B15: 0.52083333 | D15: PSC | E15: =Dados!$I18 -> 41 | F15: =Dados!$J18 -> Intenso
A16: 46122 | B16: 0.52083333 | C16: Santa Rosa | D16: HMC | E16: =Dados!$I19 -> 26 | F16: =Dados!$J19 -> Leve
A17: 46122 | B17: 0.52083333 | D17: PSC | E17: =Dados!$I20 -> 40 | F17: =Dados!$J20 -> Intenso
A18: 46122 | B18: 0.52083333 | C18: Viaduto da Rodoviaria | D18: HMC | E18: =Dados!$I21 -> 32 | F18: =Dados!$J21 -> Leve
A19: 46122 | B19: 0.52083333 | D19: PSC | E19: =Dados!$I22 -> 38 | F19: =Dados!$J22 -> Intenso
A20: 46122 | B20: 0.52083333 | C20: Rotatoria com a rua Prof. João Felix | D20: HMC | E20: =Dados!$I23 -> 42 | F20: =Dados!$J23 -> Moderado
A21: 46122 | B21: 0.52083333 | D21: PSC | E21: =Dados!$I24 -> 38 | F21: =Dados!$J24 -> Moderado
A22: 46122 | B22: 0.77083333 | C22: Ponte Nova | D22: HMC | E22: =Dados!$I27 -> 36 | F22: =Dados!$J27 -> Moderado
A23: 46122 | B23: 0.77083333 | D23: PSC | E23: =Dados!$I28 -> 40 | F23: =Dados!$J28 -> Moderado
A24: 46122 | B24: 0.77083333 | C24: Santa Isabel | D24: HMC | E24: =Dados!$I29 -> 25 | F24: =Dados!$J29 -> Moderado
A25: 46122 | B25: 0.77083333 | D25: PSC | E25: =Dados!$I30 -> 41 | F25: =Dados!$J30 -> Intenso
A26: 46122 | B26: 0.77083333 | C26: Santa Rosa | D26: HMC | E26: =Dados!$I31 -> 30 | F26: =Dados!$J31 -> Leve
A27: 46122 | B27: 0.77083333 | D27: PSC | E27: =Dados!$I32 -> 42 | F27: =Dados!$J32 -> Intenso
A28: 46122 | B28: 0.77083333 | C28: Viaduto da Rodoviaria | D28: HMC | E28: =Dados!$I33 -> 36 | F28: =Dados!$J33 -> Moderado
A29: 46122 | B29: 0.77083333 | D29: PSC | E29: =Dados!$I34 -> 38 | F29: =Dados!$J34 -> Intenso
A30: 46122 | B30: 0.77083333 | C30: Rotatoria com a rua Prof. João Felix | D30: HMC | E30: =Dados!$I35 -> 46 | F30: =Dados!$J35 -> Intenso
A31: 46122 | B31: 0.77083333 | D31: PSC | E31: =Dados!$I36 -> 39 | F31: =Dados!$J36 -> Leve
A32: 46121 | B32: 0.3125 | C32: Ponte Nova | D32: HMC | E32: =Dados!$I41 -> 36 | F32: =Dados!$J41 -> Moderado
A33: 46121 | B33: 0.3125 | D33: PSC | E33: =Dados!$I42 -> 42 | F33: =Dados!$J42 -> Intenso
A34: 46121 | B34: 0.3125 | C34: Santa Isabel | D34: HMC | E34: =Dados!$I43 -> 27 | F34: =Dados!$J43 -> Moderado
A35: 46121 | B35: 0.3125 | D35: PSC | E35: =Dados!$I44 -> 41 | F35: =Dados!$J44 -> Intenso
A36: 46121 | B36: 0.3125 | C36: Santa Rosa | D36: HMC | E36: =Dados!$I45 -> 28 | F36: =Dados!$J45 -> Leve
A37: 46121 | B37: 0.3125 | D37: PSC | E37: =Dados!$I46 -> 42 | F37: =Dados!$J46 -> Intenso
A38: 46121 | B38: 0.3125 | C38: Viaduto da Rodoviaria | D38: HMC | E38: =Dados!$I47 -> 36 | F38: =Dados!$J47 -> Leve
A39: 46121 | B39: 0.3125 | D39: PSC | E39: =Dados!$I48 -> 44 | F39: =Dados!$J48 -> Intenso
A40: 46121 | B40: 0.3125 | C40: Rotatoria com a rua Prof. João Felix | D40: HMC | E40: =Dados!$I49 -> 48 | F40: =Dados!$J49 -> Intenso
A41: 46121 | B41: 0.3125 | D41: PSC | E41: =Dados!$I50 -> 32 | F41: =Dados!$J50 -> Intenso
A42: 46121 | B42: 0.52083333 | C42: Ponte Nova | D42: HMC | E42: =Dados!$I53 -> 32 | F42: =Dados!$J53 -> Leve
A43: 46121 | B43: 0.52083333 | D43: PSC | E43: =Dados!$I54 -> 40 | F43: =Dados!$J54 -> Moderado
A44: 46121 | B44: 0.52083333 | C44: Santa Isabel | D44: HMC | E44: =Dados!$I55 -> 23 | F44: =Dados!$J55 -> Leve
A45: 46121 | B45: 0.52083333 | D45: PSC | E45: =Dados!$I56 -> 39 | F45: =Dados!$J56 -> Intenso
A46: 46121 | B46: 0.52083333 | C46: Santa Rosa | D46: HMC | E46: =Dados!$I57 -> 24 | F46: =Dados!$J57 -> Leve
A47: 46121 | B47: 0.52083333 | D47: PSC | E47: =Dados!$I58 -> 37 | F47: =Dados!$J58 -> Intenso
A48: 46121 | B48: 0.52083333 | C48: Viaduto da Rodoviaria | D48: HMC | E48: =Dados!$I59 -> 30 | F48: =Dados!$J59 -> Leve
A49: 46121 | B49: 0.52083333 | D49: PSC | E49: =Dados!$I60 -> 34 | F49: =Dados!$J60 -> Moderado
A50: 46121 | B50: 0.52083333 | C50: Rotatoria com a rua Prof. João Felix | D50: HMC | E50: =Dados!$I61 -> 40 | F50: =Dados!$J61 -> Moderado
A51: 46121 | B51: 0.52083333 | D51: PSC | E51: =Dados!$I62 -> 35 | F51: =Dados!$J62 -> Leve
A52: 46121 | B52: 0.77083333 | C52: Ponte Nova | D52: HMC | E52: =Dados!$I65 -> 36 | F52: =Dados!$J65 -> Moderado
A53: 46121 | B53: 0.77083333 | D53: PSC | E53: =Dados!$I66 -> 40 | F53: =Dados!$J66 -> Moderado
A54: 46121 | B54: 0.77083333 | C54: Santa Isabel | D54: HMC | E54: =Dados!$I67 -> 25 | F54: =Dados!$J67 -> Moderado
A55: 46121 | B55: 0.77083333 | D55: PSC | E55: =Dados!$I68 -> 41 | F55: =Dados!$J68 -> Intenso
A56: 46121 | B56: 0.77083333 | C56: Santa Rosa | D56: HMC | E56: =Dados!$I69 -> 29 | F56: =Dados!$J69 -> Leve
A57: 46121 | B57: 0.77083333 | D57: PSC | E57: =Dados!$I70 -> 40 | F57: =Dados!$J70 -> Intenso
A58: 46121 | B58: 0.77083333 | C58: Viaduto da Rodoviaria | D58: HMC | E58: =Dados!$I71 -> 38 | F58: =Dados!$J71 -> Intenso
A59: 46121 | B59: 0.77083333 | D59: PSC | E59: =Dados!$I72 -> 40 | F59: =Dados!$J72 -> Intenso
A60: 46121 | B60: 0.77083333 | C60: Rotatoria com a rua Prof. João Felix | D60: HMC | E60: =Dados!$I73 -> 46 | F60: =Dados!$J73 -> Intenso
A61: 46121 | B61: 0.77083333 | D61: PSC | E61: =Dados!$I74 -> 39 | F61: =Dados!$J74 -> Leve
A62: 46120 | B62: 0.3125 | C62: Ponte Nova | D62: HMC | E62: =Dados!$I78 -> 39 | F62: =Dados!$J78 -> Moderado
A63: 46120 | B63: 0.3125 | D63: PSC | E63: =Dados!$I79 -> 43 | F63: =Dados!$J79 -> Intenso
A64: 46120 | B64: 0.3125 | C64: Santa Isabel | D64: HMC | E64: =Dados!$I80 -> 27 | F64: =Dados!$J80 -> Moderado
A65: 46120 | B65: 0.3125 | D65: PSC | E65: =Dados!$I81 -> 41 | F65: =Dados!$J81 -> Intenso
A66: 46120 | B66: 0.3125 | C66: Santa Rosa | D66: HMC | E66: =Dados!$I82 -> 28 | F66: =Dados!$J82 -> Leve
A67: 46120 | B67: 0.3125 | D67: PSC | E67: =Dados!$I83 -> 40 | F67: =Dados!$J83 -> Intenso
A68: 46120 | B68: 0.3125 | C68: Viaduto da Rodoviaria | D68: HMC | E68: =Dados!$I84 -> 36 | F68: =Dados!$J84 -> Leve
A69: 46120 | B69: 0.3125 | D69: PSC | E69: =Dados!$I85 -> 42 | F69: =Dados!$J85 -> Intenso
A70: 46120 | B70: 0.3125 | C70: Rotatoria com a rua Prof. João Felix | D70: HMC | E70: =Dados!$I86 -> 46 | F70: =Dados!$J86 -> Intenso
A71: 46120 | B71: 0.3125 | D71: PSC | E71: =Dados!$I87 -> 42 | F71: =Dados!$J87 -> Moderado
A72: 46120 | B72: 0.52083333 | C72: Ponte Nova | D72: HMC | E72: =Dados!$I90 -> 32 | F72: =Dados!$J90 -> Leve
A73: 46120 | B73: 0.52083333 | D73: PSC | E73: =Dados!$I91 -> 38 | F73: =Dados!$J91 -> Moderado
A74: 46120 | B74: 0.52083333 | C74: Santa Isabel | D74: HMC | E74: =Dados!$I92 -> 23 | F74: =Dados!$J92 -> Leve
A75: 46120 | B75: 0.52083333 | D75: PSC | E75: =Dados!$I93 -> 37 | F75: =Dados!$J93 -> Intenso
A76: 46120 | B76: 0.52083333 | C76: Santa Rosa | D76: HMC | E76: =Dados!$I94 -> 25 | F76: =Dados!$J94 -> Leve
A77: 46120 | B77: 0.52083333 | D77: PSC | E77: =Dados!$I95 -> 37 | F77: =Dados!$J95 -> Intenso
A78: 46120 | B78: 0.52083333 | C78: Viaduto da Rodoviaria | D78: HMC | E78: =Dados!$I96 -> 32 | F78: =Dados!$J96 -> Leve
A79: 46120 | B79: 0.52083333 | D79: PSC | E79: =Dados!$I97 -> 36 | F79: =Dados!$J97 -> Moderado
A80: 46120 | B80: 0.52083333 | C80: Rotatoria com a rua Prof. João Felix | D80: HMC | E80: =Dados!$I98 -> 40 | F80: =Dados!$J98 -> Moderado
A81: 46120 | B81: 0.52083333 | D81: PSC | E81: =Dados!$I99 -> 35 | F81: =Dados!$J99 -> Leve
A82: 46120 | B82: 0.77083333 | C82: Ponte Nova | D82: HMC | E82: =Dados!$I102 -> 36 | F82: =Dados!$J102 -> Moderado
A83: 46120 | B83: 0.77083333 | D83: PSC | E83: =Dados!$I103 -> 40 | F83: =Dados!$J103 -> Moderado
A84: 46120 | B84: 0.77083333 | C84: Santa Isabel | D84: HMC | E84: =Dados!$I104 -> 25 | F84: =Dados!$J104 -> Moderado
A85: 46120 | B85: 0.77083333 | D85: PSC | E85: =Dados!$I105 -> 41 | F85: =Dados!$J105 -> Intenso
A86: 46120 | B86: 0.77083333 | C86: Santa Rosa | D86: HMC | E86: =Dados!$I106 -> 27 | F86: =Dados!$J106 -> Leve
A87: 46120 | B87: 0.77083333 | D87: PSC | E87: =Dados!$I107 -> 41 | F87: =Dados!$J107 -> Intenso
A88: 46120 | B88: 0.77083333 | C88: Viaduto da Rodoviaria | D88: HMC | E88: =Dados!$I108 -> 34 | F88: =Dados!$J108 -> Moderado
A89: 46120 | B89: 0.77083333 | D89: PSC | E89: =Dados!$I109 -> 36 | F89: =Dados!$J109 -> Intenso
A90: 46120 | B90: 0.77083333 | C90: Rotatoria com a rua Prof. João Felix | D90: HMC | E90: =Dados!$I110 -> 44 | F90: =Dados!$J110 -> Moderado
A91: 46120 | B91: 0.77083333 | D91: PSC | E91: =Dados!$I111 -> 38 | F91: =Dados!$J111 -> Leve
A92: 46119 | B92: 0.3125 | C92: Ponte Nova | D92: HMC | E92: =Dados!$I115 -> 39 | F92: =Dados!$J115 -> Moderado
A93: 46119 | B93: 0.3125 | D93: PSC | E93: =Dados!$I116 -> 43 | F93: =Dados!$J116 -> Intenso
A94: 46119 | B94: 0.3125 | C94: Santa Isabel | D94: HMC | E94: =Dados!$I117 -> 27 | F94: =Dados!$J117 -> Moderado
A95: 46119 | B95: 0.3125 | D95: PSC | E95: =Dados!$I118 -> 41 | F95: =Dados!$J118 -> Intenso
A96: 46119 | B96: 0.3125 | C96: Santa Rosa | D96: HMC | E96: =Dados!$I119 -> 30 | F96: =Dados!$J119 -> Leve
A97: 46119 | B97: 0.3125 | D97: PSC | E97: =Dados!$I120 -> 42 | F97: =Dados!$J120 -> Intenso
A98: 46119 | B98: 0.3125 | C98: Viaduto da Rodoviaria | D98: HMC | E98: =Dados!$I121 -> 36 | F98: =Dados!$J121 -> Leve
A99: 46119 | B99: 0.3125 | D99: PSC | E99: =Dados!$I122 -> 42 | F99: =Dados!$J122 -> Intenso
A100: 46119 | B100: 0.3125 | C100: Rotatoria com a rua Prof. João Felix | D100: HMC | E100: =Dados!$I123 -> 48 | F100: =Dados!$J123 -> Intenso
...

Sheet Tabela dinâmica 

Sheet Dados1
A1: Data | B1: Horário | C1: Ponto do Acidente | D1: Destino | E1: Tempo Total (min) | F1: Nível de Trânsito
A2: 46122 | B2: 0.3125 | C2: Ponte Nova | D2: HMC | E2: =Dados!$I3 -> 39 | F2: =Dados!$J3 -> Moderado
A3: 46122 | B3: 0.3125 | C3: Ponte Nova | D3: PSC | E3: =Dados!$I4 -> 43 | F3: =Dados!$J4 -> Intenso
A4: 46122 | B4: 0.3125 | C4: Santa Isabel | D4: HMC | E4: =Dados!$I5 -> 27 | F4: =Dados!$J5 -> Moderado
A5: 46122 | B5: 0.3125 | C5: Santa Isabel | D5: PSC | E5: =Dados!$I6 -> 39 | F5: =Dados!$J6 -> Intenso
A6: 46122 | B6: 0.3125 | C6: Santa Rosa | D6: HMC | E6: =Dados!$I7 -> 27 | F6: =Dados!$J7 -> Leve
A7: 46122 | B7: 0.3125 | C7: Santa Rosa | D7: PSC | E7: =Dados!$I8 -> 39 | F7: =Dados!$J8 -> Intenso
A8: 46122 | B8: 0.3125 | C8: Viaduto da Rodoviaria | D8: HMC | E8: =Dados!$I9 -> 36 | F8: =Dados!$J9 -> Leve
A9: 46122 | B9: 0.3125 | C9: Viaduto da Rodoviaria | D9: PSC | E9: =Dados!$I10 -> 42 | F9: =Dados!$J10 -> Intenso
A10: 46122 | B10: 0.3125 | C10: Rotatoria com a rua Prof. João Felix | D10: HMC | E10: =Dados!$I11 -> 48 | F10: =Dados!$J11 -> Intenso
A11: 46122 | B11: 0.3125 | C11: Rotatoria com a rua Prof. João Felix | D11: PSC | E11: =Dados!$I12 -> 44 | F11: =Dados!$J12 -> Moderado
A12: 46122 | B12: 0.52083333 | C12: Ponte Nova | D12: HMC | E12: =Dados!$I15 -> 32 | F12: =Dados!$J15 -> Leve
A13: 46122 | B13: 0.52083333 | C13: Ponte Nova | D13: PSC | E13: =Dados!$I16 -> 38 | F13: =Dados!$J16 -> Moderado
A14: 46122 | B14: 0.52083333 | C14: Santa Isabel | D14: HMC | E14: =Dados!$I17 -> 25 | F14: =Dados!$J17 -> Moderado
A15: 46122 | B15: 0.52083333 | C15: Santa Isabel | D15: PSC | E15: =Dados!$I18 -> 41 | F15: =Dados!$J18 -> Intenso
A16: 46122 | B16: 0.52083333 | C16: Santa Rosa | D16: HMC | E16: =Dados!$I19 -> 26 | F16: =Dados!$J19 -> Leve
A17: 46122 | B17: 0.52083333 | C17: Santa Rosa | D17: PSC | E17: =Dados!$I20 -> 40 | F17: =Dados!$J20 -> Intenso
A18: 46122 | B18: 0.52083333 | C18: Viaduto da Rodoviaria | D18: HMC | E18: =Dados!$I21 -> 32 | F18: =Dados!$J21 -> Leve
A19: 46122 | B19: 0.52083333 | C19: Viaduto da Rodoviaria | D19: PSC | E19: =Dados!$I22 -> 38 | F19: =Dados!$J22 -> Intenso
A20: 46122 | B20: 0.52083333 | C20: Rotatoria com a rua Prof. João Felix | D20: HMC | E20: =Dados!$I23 -> 42 | F20: =Dados!$J23 -> Moderado
A21: 46122 | B21: 0.52083333 | C21: Rotatoria com a rua Prof. João Felix | D21: PSC | E21: =Dados!$I24 -> 38 | F21: =Dados!$J24 -> Moderado
A22: 46122 | B22: 0.77083333 | C22: Ponte Nova | D22: HMC | E22: =Dados!$I27 -> 36 | F22: =Dados!$J27 -> Moderado
A23: 46122 | B23: 0.77083333 | C23: Ponte Nova | D23: PSC | E23: =Dados!$I28 -> 40 | F23: =Dados!$J28 -> Moderado
A24: 46122 | B24: 0.77083333 | C24: Santa Isabel | D24: HMC | E24: =Dados!$I29 -> 25 | F24: =Dados!$J29 -> Moderado
A25: 46122 | B25: 0.77083333 | C25: Santa Isabel | D25: PSC | E25: =Dados!$I30 -> 41 | F25: =Dados!$J30 -> Intenso
A26: 46122 | B26: 0.77083333 | C26: Santa Rosa | D26: HMC | E26: =Dados!$I31 -> 30 | F26: =Dados!$J31 -> Leve
A27: 46122 | B27: 0.77083333 | C27: Santa Rosa | D27: PSC | E27: =Dados!$I32 -> 42 | F27: =Dados!$J32 -> Intenso
A28: 46122 | B28: 0.77083333 | C28: Viaduto da Rodoviaria | D28: HMC | E28: =Dados!$I33 -> 36 | F28: =Dados!$J33 -> Moderado
A29: 46122 | B29: 0.77083333 | C29: Viaduto da Rodoviaria | D29: PSC | E29: =Dados!$I34 -> 38 | F29: =Dados!$J34 -> Intenso
A30: 46122 | B30: 0.77083333 | C30: Rotatoria com a rua Prof. João Felix | D30: HMC | E30: =Dados!$I35 -> 46 | F30: =Dados!$J35 -> Intenso
A31: 46122 | B31: 0.77083333 | C31: Rotatoria com a rua Prof. João Felix | D31: PSC | E31: =Dados!$I36 -> 39 | F31: =Dados!$J36 -> Leve
A32: 46121 | B32: 0.3125 | C32: Ponte Nova | D32: HMC | E32: =Dados!$I41 -> 36 | F32: =Dados!$J41 -> Moderado
A33: 46121 | B33: 0.3125 | C33: Ponte Nova | D33: PSC | E33: =Dados!$I42 -> 42 | F33: =Dados!$J42 -> Intenso
A34: 46121 | B34: 0.3125 | C34: Santa Isabel | D34: HMC | E34: =Dados!$I43 -> 27 | F34: =Dados!$J43 -> Moderado
A35: 46121 | B35: 0.3125 | C35: Santa Isabel | D35: PSC | E35: =Dados!$I44 -> 41 | F35: =Dados!$J44 -> Intenso
A36: 46121 | B36: 0.3125 | C36: Santa Rosa | D36: HMC | E36: =Dados!$I45 -> 28 | F36: =Dados!$J45 -> Leve
A37: 46121 | B37: 0.3125 | C37: Santa Rosa | D37: PSC | E37: =Dados!$I46 -> 42 | F37: =Dados!$J46 -> Intenso
A38: 46121 | B38: 0.3125 | C38: Viaduto da Rodoviaria | D38: HMC | E38: =Dados!$I47 -> 36 | F38: =Dados!$J47 -> Leve
A39: 46121 | B39: 0.3125 | C39: Viaduto da Rodoviaria | D39: PSC | E39: =Dados!$I48 -> 44 | F39: =Dados!$J48 -> Intenso
A40: 46121 | B40: 0.3125 | C40: Rotatoria com a rua Prof. João Felix | D40: HMC | E40: =Dados!$I49 -> 48 | F40: =Dados!$J49 -> Intenso
A41: 46121 | B41: 0.3125 | C41: Rotatoria com a rua Prof. João Felix | D41: PSC | E41: =Dados!$I50 -> 32 | F41: =Dados!$J50 -> Intenso
A42: 46121 | B42: 0.52083333 | C42: Ponte Nova | D42: HMC | E42: =Dados!$I53 -> 32 | F42: =Dados!$J53 -> Leve
A43: 46121 | B43: 0.52083333 | C43: Ponte Nova | D43: PSC | E43: =Dados!$I54 -> 40 | F43: =Dados!$J54 -> Moderado
A44: 46121 | B44: 0.52083333 | C44: Santa Isabel | D44: HMC | E44: =Dados!$I55 -> 23 | F44: =Dados!$J55 -> Leve
A45: 46121 | B45: 0.52083333 | C45: Santa Isabel | D45: PSC | E45: =Dados!$I56 -> 39 | F45: =Dados!$J56 -> Intenso
A46: 46121 | B46: 0.52083333 | C46: Santa Rosa | D46: HMC | E46: =Dados!$I57 -> 24 | F46: =Dados!$J57 -> Leve
A47: 46121 | B47: 0.52083333 | C47: Santa Rosa | D47: PSC | E47: =Dados!$I58 -> 37 | F47: =Dados!$J58 -> Intenso
A48: 46121 | B48: 0.52083333 | C48: Viaduto da Rodoviaria | D48: HMC | E48: =Dados!$I59 -> 30 | F48: =Dados!$J59 -> Leve
A49: 46121 | B49: 0.52083333 | C49: Viaduto da Rodoviaria | D49: PSC | E49: =Dados!$I60 -> 34 | F49: =Dados!$J60 -> Moderado
A50: 46121 | B50: 0.52083333 | C50: Rotatoria com a rua Prof. João Felix | D50: HMC | E50: =Dados!$I61 -> 40 | F50: =Dados!$J61 -> Moderado
A51: 46121 | B51: 0.52083333 | C51: Rotatoria com a rua Prof. João Felix | D51: PSC | E51: =Dados!$I62 -> 35 | F51: =Dados!$J62 -> Leve
A52: 46121 | B52: 0.77083333 | C52: Ponte Nova | D52: HMC | E52: =Dados!$I65 -> 36 | F52: =Dados!$J65 -> Moderado
A53: 46121 | B53: 0.77083333 | C53: Ponte Nova | D53: PSC | E53: =Dados!$I66 -> 40 | F53: =Dados!$J66 -> Moderado
A54: 46121 | B54: 0.77083333 | C54: Santa Isabel | D54: HMC | E54: =Dados!$I67 -> 25 | F54: =Dados!$J67 -> Moderado
A55: 46121 | B55: 0.77083333 | C55: Santa Isabel | D55: PSC | E55: =Dados!$I68 -> 41 | F55: =Dados!$J68 -> Intenso
A56: 46121 | B56: 0.77083333 | C56: Santa Rosa | D56: HMC | E56: =Dados!$I69 -> 29 | F56: =Dados!$J69 -> Leve
A57: 46121 | B57: 0.77083333 | C57: Santa Rosa | D57: PSC | E57: =Dados!$I70 -> 40 | F57: =Dados!$J70 -> Intenso
A58: 46121 | B58: 0.77083333 | C58: Viaduto da Rodoviaria | D58: HMC | E58: =Dados!$I71 -> 38 | F58: =Dados!$J71 -> Intenso
A59: 46121 | B59: 0.77083333 | C59: Viaduto da Rodoviaria | D59: PSC | E59: =Dados!$I72 -> 40 | F59: =Dados!$J72 -> Intenso
A60: 46121 | B60: 0.77083333 | C60: Rotatoria com a rua Prof. João Felix | D60: HMC | E60: =Dados!$I73 -> 46 | F60: =Dados!$J73 -> Intenso
A61: 46121 | B61: 0.77083333 | C61: Rotatoria com a rua Prof. João Felix | D61: PSC | E61: =Dados!$I74 -> 39 | F61: =Dados!$J74 -> Leve
A62: 46120 | B62: 0.3125 | C62: Ponte Nova | D62: HMC | E62: =Dados!$I78 -> 39 | F62: =Dados!$J78 -> Moderado
A63: 46120 | B63: 0.3125 | C63: Ponte Nova | D63: PSC | E63: =Dados!$I79 -> 43 | F63: =Dados!$J79 -> Intenso
A64: 46120 | B64: 0.3125 | C64: Santa Isabel | D64: HMC | E64: =Dados!$I80 -> 27 | F64: =Dados!$J80 -> Moderado
A65: 46120 | B65: 0.3125 | C65: Santa Isabel | D65: PSC | E65: =Dados!$I81 -> 41 | F65: =Dados!$J81 -> Intenso
A66: 46120 | B66: 0.3125 | C66: Santa Rosa | D66: HMC | E66: =Dados!$I82 -> 28 | F66: =Dados!$J82 -> Leve
A67: 46120 | B67: 0.3125 | C67: Santa Rosa | D67: PSC | E67: =Dados!$I83 -> 40 | F67: =Dados!$J83 -> Intenso
A68: 46120 | B68: 0.3125 | C68: Viaduto da Rodoviaria | D68: HMC | E68: =Dados!$I84 -> 36 | F68: =Dados!$J84 -> Leve
A69: 46120 | B69: 0.3125 | C69: Viaduto da Rodoviaria | D69: PSC | E69: =Dados!$I85 -> 42 | F69: =Dados!$J85 -> Intenso
A70: 46120 | B70: 0.3125 | C70: Rotatoria com a rua Prof. João Felix | D70: HMC | E70: =Dados!$I86 -> 46 | F70: =Dados!$J86 -> Intenso
A71: 46120 | B71: 0.3125 | C71: Rotatoria com a rua Prof. João Felix | D71: PSC | E71: =Dados!$I87 -> 42 | F71: =Dados!$J87 -> Moderado
A72: 46120 | B72: 0.52083333 | C72: Ponte Nova | D72: HMC | E72: =Dados!$I90 -> 32 | F72: =Dados!$J90 -> Leve
A73: 46120 | B73: 0.52083333 | C73: Ponte Nova | D73: PSC | E73: =Dados!$I91 -> 38 | F73: =Dados!$J91 -> Moderado
A74: 46120 | B74: 0.52083333 | C74: Santa Isabel | D74: HMC | E74: =Dados!$I92 -> 23 | F74: =Dados!$J92 -> Leve
A75: 46120 | B75: 0.52083333 | C75: Santa Isabel | D75: PSC | E75: =Dados!$I93 -> 37 | F75: =Dados!$J93 -> Intenso
A76: 46120 | B76: 0.52083333 | C76: Santa Rosa | D76: HMC | E76: =Dados!$I94 -> 25 | F76: =Dados!$J94 -> Leve
A77: 46120 | B77: 0.52083333 | C77: Santa Rosa | D77: PSC | E77: =Dados!$I95 -> 37 | F77: =Dados!$J95 -> Intenso
A78: 46120 | B78: 0.52083333 | C78: Viaduto da Rodoviaria | D78: HMC | E78: =Dados!$I96 -> 32 | F78: =Dados!$J96 -> Leve
A79: 46120 | B79: 0.52083333 | C79: Viaduto da Rodoviaria | D79: PSC | E79: =Dados!$I97 -> 36 | F79: =Dados!$J97 -> Moderado
A80: 46120 | B80: 0.52083333 | C80: Rotatoria com a rua Prof. João Felix | D80: HMC | E80: =Dados!$I98 -> 40 | F80: =Dados!$J98 -> Moderado
A81: 46120 | B81: 0.52083333 | C81: Rotatoria com a rua Prof. João Felix | D81: PSC | E81: =Dados!$I99 -> 35 | F81: =Dados!$J99 -> Leve
A82: 46120 | B82: 0.77083333 | C82: Ponte Nova | D82: HMC | E82: =Dados!$I102 -> 36 | F82: =Dados!$J102 -> Moderado
A83: 46120 | B83: 0.77083333 | C83: Ponte Nova | D83: PSC | E83: =Dados!$I103 -> 40 | F83: =Dados!$J103 -> Moderado
A84: 46120 | B84: 0.77083333 | C84: Santa Isabel | D84: HMC | E84: =Dados!$I104 -> 25 | F84: =Dados!$J104 -> Moderado
A85: 46120 | B85: 0.77083333 | C85: Santa Isabel | D85: PSC | E85: =Dados!$I105 -> 41 | F85: =Dados!$J105 -> Intenso
A86: 46120 | B86: 0.77083333 | C86: Santa Rosa | D86: HMC | E86: =Dados!$I106 -> 27 | F86: =Dados!$J106 -> Leve
A87: 46120 | B87: 0.77083333 | C87: Santa Rosa | D87: PSC | E87: =Dados!$I107 -> 41 | F87: =Dados!$J107 -> Intenso
A88: 46120 | B88: 0.77083333 | C88: Viaduto da Rodoviaria | D88: HMC | E88: =Dados!$I108 -> 34 | F88: =Dados!$J108 -> Moderado
A89: 46120 | B89: 0.77083333 | C89: Viaduto da Rodoviaria | D89: PSC | E89: =Dados!$I109 -> 36 | F89: =Dados!$J109 -> Intenso
A90: 46120 | B90: 0.77083333 | C90: Rotatoria com a rua Prof. João Felix | D90: HMC | E90: =Dados!$I110 -> 44 | F90: =Dados!$J110 -> Moderado
A91: 46120 | B91: 0.77083333 | C91: Rotatoria com a rua Prof. João Felix | D91: PSC | E91: =Dados!$I111 -> 38 | F91: =Dados!$J111 -> Leve
A92: 46119 | B92: 0.3125 | C92: Ponte Nova | D92: HMC | E92: =Dados!$I115 -> 39 | F92: =Dados!$J115 -> Moderado
A93: 46119 | B93: 0.3125 | C93: Ponte Nova | D93: PSC | E93: =Dados!$I116 -> 43 | F93: =Dados!$J116 -> Intenso
A94: 46119 | B94: 0.3125 | C94: Santa Isabel | D94: HMC | E94: =Dados!$I117 -> 27 | F94: =Dados!$J117 -> Moderado
A95: 46119 | B95: 0.3125 | C95: Santa Isabel | D95: PSC | E95: =Dados!$I118 -> 41 | F95: =Dados!$J118 -> Intenso
A96: 46119 | B96: 0.3125 | C96: Santa Rosa | D96: HMC | E96: =Dados!$I119 -> 30 | F96: =Dados!$J119 -> Leve
A97: 46119 | B97: 0.3125 | C97: Santa Rosa | D97: PSC | E97: =Dados!$I120 -> 42 | F97: =Dados!$J120 -> Intenso
A98: 46119 | B98: 0.3125 | C98: Viaduto da Rodoviaria | D98: HMC | E98: =Dados!$I121 -> 36 | F98: =Dados!$J121 -> Leve
A99: 46119 | B99: 0.3125 | C99: Viaduto da Rodoviaria | D99: PSC | E99: =Dados!$I122 -> 42 | F99: =Dados!$J122 -> Intenso
A100: 46119 | B100: 0.3125 | C100: Rotatoria com a rua Prof. João Felix | D100: HMC | E100: =Dados!$I123 -> 48 | F100: =Dados!$J123 -> Intenso
...

Sheet minimo-maximo
A3: Dia 01 a 10/04/2026 ás 7:30
A4: acidente | B4: hospital | C4: minimo | D4: maximo
A5: Ponte Nova | B5: HMC | C5: =MIN(Dados1!E2,Dados1!E32,Dados1!E62,Dados1!E92,Dados1!E122,Dados1!E152,Dados1!E182,Dados1!E212,Dados1!E242,Dados1!E272) -> 28 | D5: =MAX(Dados1!E2,Dados1!E32,Dados1!E62,Dados1!E92,Dados1!E122,Dados1!E152,Dados1!E182,Dados1!E212,Dados1!E242,Dados1!E272) -> 39
B6: PSC | C6: =MIN(Dados1!E3,Dados1!E33,Dados1!E63,Dados1!E93,Dados1!E123,Dados1!E153,Dados1!E183,Dados1!E213,Dados1!E243,Dados1!E273) -> 32 | D6: =MAX(Dados1!E3,Dados1!E33,Dados1!E63,Dados1!E93,Dados1!E123,Dados1!E153,Dados1!E183,Dados1!E213,Dados1!E243,Dados1!E273) -> 43
A7: Santa Isabel | B7: HMC | C7: =MIN(Dados1!E4,Dados1!E34,Dados1!E64,Dados1!E94,Dados1!E124,Dados1!E154,Dados1!E184,Dados1!E214,Dados1!E244,Dados1!E274) -> 21 | D7: =MAX(Dados1!E4,Dados1!E34,Dados1!E64,Dados1!E94,Dados1!E124,Dados1!E154,Dados1!E184,Dados1!E214,Dados1!E244,Dados1!E274) -> 31
B8: PSC | C8: =MIN(Dados1!E5,Dados1!E35,Dados1!E65,Dados1!E95,Dados1!E125,Dados1!E155,Dados1!E185,Dados1!E215,Dados1!E245,Dados1!E275) -> 29 | D8: =MAX(Dados1!E5,Dados1!E35,Dados1!E65,Dados1!E95,Dados1!E125,Dados1!E155,Dados1!E185,Dados1!E215,Dados1!E245,Dados1!E275) -> 41
A9: Santa Rosa | B9: HMC | C9: =MIN(Dados1!E6,Dados1!E36,Dados1!E66,Dados1!E96,Dados1!E126,Dados1!E156,Dados1!E186,Dados1!E216,Dados1!E246,Dados1!E276) -> 21 | D9: =MAX(Dados1!E6,Dados1!E36,Dados1!E66,Dados1!E96,Dados1!E126,Dados1!E156,Dados1!E186,Dados1!E216,Dados1!E246,Dados1!E276) -> 30
B10: PSC | C10: =MIN(Dados1!E7,Dados1!E37,Dados1!E67,Dados1!E97,Dados1!E127,Dados1!E157,Dados1!E187,Dados1!E217,Dados1!E247,Dados1!E277) -> 28 | D10: =MAX(Dados1!E7,Dados1!E37,Dados1!E67,Dados1!E97,Dados1!E127,Dados1!E157,Dados1!E187,Dados1!E217,Dados1!E247,Dados1!E277) -> 42
A11: Viaduto da Rodoviaria | B11: HMC | C11: =MIN(Dados1!E8,Dados1!E38,Dados1!E68,Dados1!E98,Dados1!E128,Dados1!E158,Dados1!E188,Dados1!E218,Dados1!E248,Dados1!E278) -> 27 | D11: =MAX(Dados1!E8,Dados1!E38,Dados1!E68,Dados1!E98,Dados1!E128,Dados1!E158,Dados1!E188,Dados1!E218,Dados1!E248,Dados1!E278) -> 36
B12: PSC | C12: =MIN(Dados1!E9,Dados1!E39,Dados1!E69,Dados1!E99,Dados1!E129,Dados1!E159,Dados1!E189,Dados1!E219,Dados1!E249,Dados1!E279) -> 28 | D12: =MAX(Dados1!E9,Dados1!E39,Dados1!E69,Dados1!E99,Dados1!E129,Dados1!E159,Dados1!E189,Dados1!E219,Dados1!E249,Dados1!E279) -> 44
A13: Rotatoria com a rua Prof. João Felix | B13: HMC | C13: =MIN(Dados1!E10,Dados1!E40,Dados1!E70,Dados1!E100,Dados1!E130,Dados1!E160,Dados1!E190,Dados1!E220,Dados1!E250,Dados1!E280) -> 31 | D13: =MAX(Dados1!E10,Dados1!E40,Dados1!E70,Dados1!E100,Dados1!E130,Dados1!E160,Dados1!E190,Dados1!E220,Dados1!E250,Dados1!E280) -> 48
B14: PSC | C14: =MIN(Dados1!E11,Dados1!E41,Dados1!E71,Dados1!E101,Dados1!E131,Dados1!E161,Dados1!E191,Dados1!E221,Dados1!E251,Dados1!E281) -> 29 | D14: =MAX(Dados1!E11,Dados1!E41,Dados1!E71,Dados1!E101,Dados1!E131,Dados1!E161,Dados1!E191,Dados1!E221,Dados1!E251,Dados1!E281) -> 44
A32: Dia 01 a 10/04/2026 ás 12:30
A33: acidente | B33: hospital | C33: minimo | D33: maximo
A34: Ponte Nova | B34: HMC | C34: =MIN(Dados1!E12,Dados1!E42,Dados1!E72,Dados1!E102,Dados1!E132,Dados1!E162,Dados1!E192,Dados1!E222,Dados1!E252,Dados1!E282) -> 28 | D34: =MAX(Dados1!E12,Dados1!E42,Dados1!E72,Dados1!E102,Dados1!E132,Dados1!E162,Dados1!E192,Dados1!E222,Dados1!E252,Dados1!E282) -> 32
B35: PSC | C35: =MIN(Dados1!E13,Dados1!E43,Dados1!E73,Dados1!E103,Dados1!E133,Dados1!E163,Dados1!E193,Dados1!E223,Dados1!E253,Dados1!E283) -> 32 | D35: =MAX(Dados1!E13,Dados1!E43,Dados1!E73,Dados1!E103,Dados1!E133,Dados1!E163,Dados1!E193,Dados1!E223,Dados1!E253,Dados1!E283) -> 40
A36: Santa Isabel | B36: HMC | C36: =MIN(Dados1!E14,Dados1!E44,Dados1!E74,Dados1!E104,Dados1!E134,Dados1!E164,Dados1!E194,Dados1!E224,Dados1!E254,Dados1!E284) -> 21 | D36: =MAX(Dados1!E14,Dados1!E44,Dados1!E74,Dados1!E104,Dados1!E134,Dados1!E164,Dados1!E194,Dados1!E224,Dados1!E254,Dados1!E284) -> 25
B37: PSC | C37: =MIN(Dados1!E15,Dados1!E45,Dados1!E75,Dados1!E105,Dados1!E135,Dados1!E165,Dados1!E195,Dados1!E225,Dados1!E255,Dados1!E285) -> 29 | D37: =MAX(Dados1!E15,Dados1!E45,Dados1!E75,Dados1!E105,Dados1!E135,Dados1!E165,Dados1!E195,Dados1!E225,Dados1!E255,Dados1!E285) -> 41
A38: Santa Rosa | B38: HMC | C38: =MIN(Dados1!E16,Dados1!E46,Dados1!E76,Dados1!E106,Dados1!E136,Dados1!E166,Dados1!E196,Dados1!E226,Dados1!E256,Dados1!E286) -> 21 | D38: =MAX(Dados1!E16,Dados1!E46,Dados1!E76,Dados1!E106,Dados1!E136,Dados1!E166,Dados1!E196,Dados1!E226,Dados1!E256,Dados1!E286) -> 26
B39: PSC | C39: =MIN(Dados1!E17,Dados1!E47,Dados1!E77,Dados1!E107,Dados1!E137,Dados1!E167,Dados1!E197,Dados1!E227,Dados1!E257,Dados1!E287) -> 28 | D39: =MAX(Dados1!E17,Dados1!E47,Dados1!E77,Dados1!E107,Dados1!E137,Dados1!E167,Dados1!E197,Dados1!E227,Dados1!E257,Dados1!E287) -> 40
A40: Viaduto da Rodoviaria | B40: HMC | C40: =MIN(Dados1!E18,Dados1!E48,Dados1!E78,Dados1!E108,Dados1!E138,Dados1!E168,Dados1!E198,Dados1!E228,Dados1!E258,Dados1!E288) -> 27 | D40: =MAX(Dados1!E18,Dados1!E48,Dados1!E78,Dados1!E108,Dados1!E138,Dados1!E168,Dados1!E198,Dados1!E228,Dados1!E258,Dados1!E288) -> 32
B41: PSC | C41: =MIN(Dados1!E19,Dados1!E49,Dados1!E79,Dados1!E109,Dados1!E139,Dados1!E169,Dados1!E199,Dados1!E229,Dados1!E259,Dados1!E289) -> 29 | D41: =MAX(Dados1!E19,Dados1!E49,Dados1!E79,Dados1!E109,Dados1!E139,Dados1!E169,Dados1!E199,Dados1!E229,Dados1!E259,Dados1!E289) -> 38
A42: Rotatoria com a rua Prof. João Felix | B42: HMC | C42: =MIN(Dados1!E20,Dados1!E50,Dados1!E80,Dados1!E110,Dados1!E140,Dados1!E170,Dados1!E200,Dados1!E230,Dados1!E260,Dados1!E290) -> 31 | D42: =MAX(Dados1!E20,Dados1!E50,Dados1!E80,Dados1!E110,Dados1!E140,Dados1!E170,Dados1!E200,Dados1!E230,Dados1!E260,Dados1!E290) -> 42
B43: PSC | C43: =MIN(Dados1!E21,Dados1!E51,Dados1!E81,Dados1!E111,Dados1!E141,Dados1!E171,Dados1!E201,Dados1!E231,Dados1!E261,Dados1!E291) -> 30 | D43: =MAX(Dados1!E21,Dados1!E51,Dados1!E81,Dados1!E111,Dados1!E141,Dados1!E171,Dados1!E201,Dados1!E231,Dados1!E261,Dados1!E291) -> 45
A58: Dia 01 a 10/04/2026 ás 18:30
A59: acidente | B59: hospital | C59: minimo | D59: maximo
A60: Ponte Nova | B60: HMC | C60: =MIN(Dados1!E22,Dados1!E52,Dados1!E82,Dados1!E112,Dados1!E142,Dados1!E172,Dados1!E202,Dados1!E232,Dados1!E262,Dados1!E292) -> 30 | D60: =MAX(Dados1!E22,Dados1!E52,Dados1!E82,Dados1!E112,Dados1!E142,Dados1!E172,Dados1!E202,Dados1!E232,Dados1!E262,Dados1!E292) -> 36
B61: PSC | C61: =MIN(Dados1!E23,Dados1!E53,Dados1!E83,Dados1!E113,Dados1!E143,Dados1!E173,Dados1!E203,Dados1!E233,Dados1!E263,Dados1!E293) -> 32 | D61: =MAX(Dados1!E23,Dados1!E53,Dados1!E83,Dados1!E113,Dados1!E143,Dados1!E173,Dados1!E203,Dados1!E233,Dados1!E263,Dados1!E293) -> 40
A62: Santa Isabel | B62: HMC | C62: =MIN(Dados1!E24,Dados1!E54,Dados1!E84,Dados1!E114,Dados1!E144,Dados1!E174,Dados1!E204,Dados1!E234,Dados1!E264,Dados1!E294) -> 23 | D62: =MAX(Dados1!E24,Dados1!E54,Dados1!E84,Dados1!E114,Dados1!E144,Dados1!E174,Dados1!E204,Dados1!E234,Dados1!E264,Dados1!E294) -> 25
B63: PSC | C63: =MIN(Dados1!E25,Dados1!E55,Dados1!E85,Dados1!E115,Dados1!E145,Dados1!E175,Dados1!E205,Dados1!E235,Dados1!E265,Dados1!E295) -> 31 | D63: =MAX(Dados1!E25,Dados1!E55,Dados1!E85,Dados1!E115,Dados1!E145,Dados1!E175,Dados1!E205,Dados1!E235,Dados1!E265,Dados1!E295) -> 41
A64: Santa Rosa | B64: HMC | C64: =MIN(Dados1!E26,Dados1!E56,Dados1!E86,Dados1!E116,Dados1!E146,Dados1!E176,Dados1!E206,Dados1!E236,Dados1!E266,Dados1!E296) -> 21 | D64: =MAX(Dados1!E26,Dados1!E56,Dados1!E86,Dados1!E116,Dados1!E146,Dados1!E176,Dados1!E206,Dados1!E236,Dados1!E266,Dados1!E296) -> 30
B65: PSC | C65: =MIN(Dados1!E27,Dados1!E57,Dados1!E87,Dados1!E117,Dados1!E147,Dados1!E177,Dados1!E207,Dados1!E237,Dados1!E267,Dados1!E297) -> 30 | D65: =MAX(Dados1!E27,Dados1!E57,Dados1!E87,Dados1!E117,Dados1!E147,Dados1!E177,Dados1!E207,Dados1!E237,Dados1!E267,Dados1!E297) -> 42
A66: Viaduto da Rodoviaria | B66: HMC | C66: =MIN(Dados1!E28,Dados1!E58,Dados1!E88,Dados1!E118,Dados1!E148,Dados1!E178,Dados1!E208,Dados1!E238,Dados1!E268,Dados1!E298) -> 29 | D66: =MAX(Dados1!E28,Dados1!E58,Dados1!E88,Dados1!E118,Dados1!E148,Dados1!E178,Dados1!E208,Dados1!E238,Dados1!E268,Dados1!E298) -> 38
B67: PSC | C67: =MIN(Dados1!E29,Dados1!E59,Dados1!E89,Dados1!E119,Dados1!E149,Dados1!E179,Dados1!E209,Dados1!E239,Dados1!E269,Dados1!E299) -> 32 | D67: =MAX(Dados1!E29,Dados1!E59,Dados1!E89,Dados1!E119,Dados1!E149,Dados1!E179,Dados1!E209,Dados1!E239,Dados1!E269,Dados1!E299) -> 40
A68: Rotatoria com a rua Prof. João Felix | B68: HMC | C68: =MIN(Dados1!E30,Dados1!E60,Dados1!E90,Dados1!E120,Dados1!E150,Dados1!E180,Dados1!E210,Dados1!E240,Dados1!E270,Dados1!E300) -> 36 | D68: =MAX(Dados1!E30,Dados1!E60,Dados1!E90,Dados1!E120,Dados1!E150,Dados1!E180,Dados1!E210,Dados1!E240,Dados1!E270,Dados1!E300) -> 46
B69: PSC | C69: =MIN(Dados1!E31,Dados1!E61,Dados1!E91,Dados1!E121,Dados1!E151,Dados1!E181,Dados1!E211,Dados1!E241,Dados1!E271,Dados1!E30) -> 32 | D69: =MAX(Dados1!E31,Dados1!E61,Dados1!E91,Dados1!E121,Dados1!E151,Dados1!E181,Dados1!E211,Dados1!E241,Dados1!E271,Dados1!E30) -> 46

Sheet Cópia de minimo-maximo
A3: Dia 01 a 10/04/2026 ás 7:30
A4: acidente | B4: hospital | C4: minimo | D4: maximo
A5: Ponte Nova | B5: HMC | C5: =MIN(Dados1!E2,Dados1!E32,Dados1!E62,Dados1!E92,Dados1!E122,Dados1!E152,Dados1!E182,Dados1!E212,Dados1!E242,Dados1!E272) -> 28 | D5: =MAX(Dados1!E2,Dados1!E32,Dados1!E62,Dados1!E92,Dados1!E122,Dados1!E152,Dados1!E182,Dados1!E212,Dados1!E242,Dados1!E272) -> 39
B6: PSC | C6: =MIN(Dados1!E3,Dados1!E33,Dados1!E63,Dados1!E93,Dados1!E123,Dados1!E153,Dados1!E183,Dados1!E213,Dados1!E243,Dados1!E273) -> 32 | D6: =MAX(Dados1!E3,Dados1!E33,Dados1!E63,Dados1!E93,Dados1!E123,Dados1!E153,Dados1!E183,Dados1!E213,Dados1!E243,Dados1!E273) -> 43
A7: Santa Isabel | B7: HMC | C7: =MIN(Dados1!E4,Dados1!E34,Dados1!E64,Dados1!E94,Dados1!E124,Dados1!E154,Dados1!E184,Dados1!E214,Dados1!E244,Dados1!E274) -> 21 | D7: =MAX(Dados1!E4,Dados1!E34,Dados1!E64,Dados1!E94,Dados1!E124,Dados1!E154,Dados1!E184,Dados1!E214,Dados1!E244,Dados1!E274) -> 31
B8: PSC | C8: =MIN(Dados1!E5,Dados1!E35,Dados1!E65,Dados1!E95,Dados1!E125,Dados1!E155,Dados1!E185,Dados1!E215,Dados1!E245,Dados1!E275) -> 29 | D8: =MAX(Dados1!E5,Dados1!E35,Dados1!E65,Dados1!E95,Dados1!E125,Dados1!E155,Dados1!E185,Dados1!E215,Dados1!E245,Dados1!E275) -> 41
A9: Santa Rosa | B9: HMC | C9: =MIN(Dados1!E6,Dados1!E36,Dados1!E66,Dados1!E96,Dados1!E126,Dados1!E156,Dados1!E186,Dados1!E216,Dados1!E246,Dados1!E276) -> 21 | D9: =MAX(Dados1!E6,Dados1!E36,Dados1!E66,Dados1!E96,Dados1!E126,Dados1!E156,Dados1!E186,Dados1!E216,Dados1!E246,Dados1!E276) -> 30
B10: PSC | C10: =MIN(Dados1!E7,Dados1!E37,Dados1!E67,Dados1!E97,Dados1!E127,Dados1!E157,Dados1!E187,Dados1!E217,Dados1!E247,Dados1!E277) -> 28 | D10: =MAX(Dados1!E7,Dados1!E37,Dados1!E67,Dados1!E97,Dados1!E127,Dados1!E157,Dados1!E187,Dados1!E217,Dados1!E247,Dados1!E277) -> 42
A11: Viaduto da Rodoviaria | B11: HMC | C11: =MIN(Dados1!E8,Dados1!E38,Dados1!E68,Dados1!E98,Dados1!E128,Dados1!E158,Dados1!E188,Dados1!E218,Dados1!E248,Dados1!E278) -> 27 | D11: =MAX(Dados1!E8,Dados1!E38,Dados1!E68,Dados1!E98,Dados1!E128,Dados1!E158,Dados1!E188,Dados1!E218,Dados1!E248,Dados1!E278) -> 36
B12: PSC | C12: =MIN(Dados1!E9,Dados1!E39,Dados1!E69,Dados1!E99,Dados1!E129,Dados1!E159,Dados1!E189,Dados1!E219,Dados1!E249,Dados1!E279) -> 28 | D12: =MAX(Dados1!E9,Dados1!E39,Dados1!E69,Dados1!E99,Dados1!E129,Dados1!E159,Dados1!E189,Dados1!E219,Dados1!E249,Dados1!E279) -> 44
A13: Rotatoria com a rua Prof. João Felix | B13: HMC | C13: =MIN(Dados1!E10,Dados1!E40,Dados1!E70,Dados1!E100,Dados1!E130,Dados1!E160,Dados1!E190,Dados1!E220,Dados1!E250,Dados1!E280) -> 31 | D13: =MAX(Dados1!E10,Dados1!E40,Dados1!E70,Dados1!E100,Dados1!E130,Dados1!E160,Dados1!E190,Dados1!E220,Dados1!E250,Dados1!E280) -> 48
B14: PSC | C14: =MIN(Dados1!E11,Dados1!E41,Dados1!E71,Dados1!E101,Dados1!E131,Dados1!E161,Dados1!E191,Dados1!E221,Dados1!E251,Dados1!E281) -> 29 | D14: =MAX(Dados1!E11,Dados1!E41,Dados1!E71,Dados1!E101,Dados1!E131,Dados1!E161,Dados1!E191,Dados1!E221,Dados1!E251,Dados1!E281) -> 44
A32: Dia 01 a 10/04/2026 ás 12:30
A33: acidente | B33: hospital | C33: minimo | D33: maximo
A34: Ponte Nova | B34: HMC | C34: =MIN(Dados1!E12,Dados1!E42,Dados1!E72,Dados1!E102,Dados1!E132,Dados1!E162,Dados1!E192,Dados1!E222,Dados1!E252,Dados1!E282) -> 28 | D34: =MAX(Dados1!E12,Dados1!E42,Dados1!E72,Dados1!E102,Dados1!E132,Dados1!E162,Dados1!E192,Dados1!E222,Dados1!E252,Dados1!E282) -> 32
B35: PSC | C35: =MIN(Dados1!E13,Dados1!E43,Dados1!E73,Dados1!E103,Dados1!E133,Dados1!E163,Dados1!E193,Dados1!E223,Dados1!E253,Dados1!E283) -> 32 | D35: =MAX(Dados1!E13,Dados1!E43,Dados1!E73,Dados1!E103,Dados1!E133,Dados1!E163,Dados1!E193,Dados1!E223,Dados1!E253,Dados1!E283) -> 40
A36: Santa Isabel | B36: HMC | C36: =MIN(Dados1!E14,Dados1!E44,Dados1!E74,Dados1!E104,Dados1!E134,Dados1!E164,Dados1!E194,Dados1!E224,Dados1!E254,Dados1!E284) -> 21 | D36: =MAX(Dados1!E14,Dados1!E44,Dados1!E74,Dados1!E104,Dados1!E134,Dados1!E164,Dados1!E194,Dados1!E224,Dados1!E254,Dados1!E284) -> 25
B37: PSC | C37: =MIN(Dados1!E15,Dados1!E45,Dados1!E75,Dados1!E105,Dados1!E135,Dados1!E165,Dados1!E195,Dados1!E225,Dados1!E255,Dados1!E285) -> 29 | D37: =MAX(Dados1!E15,Dados1!E45,Dados1!E75,Dados1!E105,Dados1!E135,Dados1!E165,Dados1!E195,Dados1!E225,Dados1!E255,Dados1!E285) -> 41
A38: Santa Rosa | B38: HMC | C38: =MIN(Dados1!E16,Dados1!E46,Dados1!E76,Dados1!E106,Dados1!E136,Dados1!E166,Dados1!E196,Dados1!E226,Dados1!E256,Dados1!E286) -> 21 | D38: =MAX(Dados1!E16,Dados1!E46,Dados1!E76,Dados1!E106,Dados1!E136,Dados1!E166,Dados1!E196,Dados1!E226,Dados1!E256,Dados1!E286) -> 26
B39: PSC | C39: =MIN(Dados1!E17,Dados1!E47,Dados1!E77,Dados1!E107,Dados1!E137,Dados1!E167,Dados1!E197,Dados1!E227,Dados1!E257,Dados1!E287) -> 28 | D39: =MAX(Dados1!E17,Dados1!E47,Dados1!E77,Dados1!E107,Dados1!E137,Dados1!E167,Dados1!E197,Dados1!E227,Dados1!E257,Dados1!E287) -> 40
A40: Viaduto da Rodoviaria | B40: HMC | C40: =MIN(Dados1!E18,Dados1!E48,Dados1!E78,Dados1!E108,Dados1!E138,Dados1!E168,Dados1!E198,Dados1!E228,Dados1!E258,Dados1!E288) -> 27 | D40: =MAX(Dados1!E18,Dados1!E48,Dados1!E78,Dados1!E108,Dados1!E138,Dados1!E168,Dados1!E198,Dados1!E228,Dados1!E258,Dados1!E288) -> 32
B41: PSC | C41: =MIN(Dados1!E19,Dados1!E49,Dados1!E79,Dados1!E109,Dados1!E139,Dados1!E169,Dados1!E199,Dados1!E229,Dados1!E259,Dados1!E289) -> 29 | D41: =MAX(Dados1!E19,Dados1!E49,Dados1!E79,Dados1!E109,Dados1!E139,Dados1!E169,Dados1!E199,Dados1!E229,Dados1!E259,Dados1!E289) -> 38
A42: Rotatoria com a rua Prof. João Felix | B42: HMC | C42: =MIN(Dados1!E20,Dados1!E50,Dados1!E80,Dados1!E110,Dados1!E140,Dados1!E170,Dados1!E200,Dados1!E230,Dados1!E260,Dados1!E290) -> 31 | D42: =MAX(Dados1!E20,Dados1!E50,Dados1!E80,Dados1!E110,Dados1!E140,Dados1!E170,Dados1!E200,Dados1!E230,Dados1!E260,Dados1!E290) -> 42
B43: PSC | C43: =MIN(Dados1!E21,Dados1!E51,Dados1!E81,Dados1!E111,Dados1!E141,Dados1!E171,Dados1!E201,Dados1!E231,Dados1!E261,Dados1!E291) -> 30 | D43: =MAX(Dados1!E21,Dados1!E51,Dados1!E81,Dados1!E111,Dados1!E141,Dados1!E171,Dados1!E201,Dados1!E231,Dados1!E261,Dados1!E291) -> 45
A58: Dia 01 a 10/04/2026 ás 18:30
A59: acidente | B59: hospital | C59: minimo | D59: maximo
A60: Ponte Nova | B60: HMC | C60: =MIN(Dados1!E22,Dados1!E52,Dados1!E82,Dados1!E112,Dados1!E142,Dados1!E172,Dados1!E202,Dados1!E232,Dados1!E262,Dados1!E292) -> 30 | D60: =MAX(Dados1!E22,Dados1!E52,Dados1!E82,Dados1!E112,Dados1!E142,Dados1!E172,Dados1!E202,Dados1!E232,Dados1!E262,Dados1!E292) -> 36
B61: PSC | C61: =MIN(Dados1!E23,Dados1!E53,Dados1!E83,Dados1!E113,Dados1!E143,Dados1!E173,Dados1!E203,Dados1!E233,Dados1!E263,Dados1!E293) -> 32 | D61: =MAX(Dados1!E23,Dados1!E53,Dados1!E83,Dados1!E113,Dados1!E143,Dados1!E173,Dados1!E203,Dados1!E233,Dados1!E263,Dados1!E293) -> 40
A62: Santa Isabel | B62: HMC | C62: =MIN(Dados1!E24,Dados1!E54,Dados1!E84,Dados1!E114,Dados1!E144,Dados1!E174,Dados1!E204,Dados1!E234,Dados1!E264,Dados1!E294) -> 23 | D62: =MAX(Dados1!E24,Dados1!E54,Dados1!E84,Dados1!E114,Dados1!E144,Dados1!E174,Dados1!E204,Dados1!E234,Dados1!E264,Dados1!E294) -> 25
B63: PSC | C63: =MIN(Dados1!E25,Dados1!E55,Dados1!E85,Dados1!E115,Dados1!E145,Dados1!E175,Dados1!E205,Dados1!E235,Dados1!E265,Dados1!E295) -> 31 | D63: =MAX(Dados1!E25,Dados1!E55,Dados1!E85,Dados1!E115,Dados1!E145,Dados1!E175,Dados1!E205,Dados1!E235,Dados1!E265,Dados1!E295) -> 41
A64: Santa Rosa | B64: HMC | C64: =MIN(Dados1!E26,Dados1!E56,Dados1!E86,Dados1!E116,Dados1!E146,Dados1!E176,Dados1!E206,Dados1!E236,Dados1!E266,Dados1!E296) -> 21 | D64: =MAX(Dados1!E26,Dados1!E56,Dados1!E86,Dados1!E116,Dados1!E146,Dados1!E176,Dados1!E206,Dados1!E236,Dados1!E266,Dados1!E296) -> 30
B65: PSC | C65: =MIN(Dados1!E27,Dados1!E57,Dados1!E87,Dados1!E117,Dados1!E147,Dados1!E177,Dados1!E207,Dados1!E237,Dados1!E267,Dados1!E297) -> 30 | D65: =MAX(Dados1!E27,Dados1!E57,Dados1!E87,Dados1!E117,Dados1!E147,Dados1!E177,Dados1!E207,Dados1!E237,Dados1!E267,Dados1!E297) -> 42
A66: Viaduto da Rodoviaria | B66: HMC | C66: =MIN(Dados1!E28,Dados1!E58,Dados1!E88,Dados1!E118,Dados1!E148,Dados1!E178,Dados1!E208,Dados1!E238,Dados1!E268,Dados1!E298) -> 29 | D66: =MAX(Dados1!E28,Dados1!E58,Dados1!E88,Dados1!E118,Dados1!E148,Dados1!E178,Dados1!E208,Dados1!E238,Dados1!E268,Dados1!E298) -> 38
B67: PSC | C67: =MIN(Dados1!E29,Dados1!E59,Dados1!E89,Dados1!E119,Dados1!E149,Dados1!E179,Dados1!E209,Dados1!E239,Dados1!E269,Dados1!E299) -> 32 | D67: =MAX(Dados1!E29,Dados1!E59,Dados1!E89,Dados1!E119,Dados1!E149,Dados1!E179,Dados1!E209,Dados1!E239,Dados1!E269,Dados1!E299) -> 40
A68: Rotatoria com a rua Prof. João Felix | B68: HMC | C68: =MIN(Dados1!E30,Dados1!E60,Dados1!E90,Dados1!E120,Dados1!E150,Dados1!E180,Dados1!E210,Dados1!E240,Dados1!E270,Dados1!E300) -> 36 | D68: =MAX(Dados1!E30,Dados1!E60,Dados1!E90,Dados1!E120,Dados1!E150,Dados1!E180,Dados1!E210,Dados1!E240,Dados1!E270,Dados1!E300) -> 46
B69: PSC | C69: =MIN(Dados1!E31,Dados1!E61,Dados1!E91,Dados1!E121,Dados1!E151,Dados1!E181,Dados1!E211,Dados1!E241,Dados1!E271,Dados1!E30) -> 32 | D69: =MAX(Dados1!E31,Dados1!E61,Dados1!E91,Dados1!E121,Dados1!E151,Dados1!E181,Dados1!E211,Dados1!E241,Dados1!E271,Dados1!E30) -> 46
